Username,Legal_Name,Title,Diamond_Member,Country,City,Date_Joined,Profile_Views,Followers,Points,URL,Last_Online,Date_Collected,Time_Collected
GMHikaruOnTwitch,,GM,1,United States,,"Jul 11, 2020",In Live,"6,067",360,https://www.chess.com/member/GMHikaruOnTwitch,Currently Online,2020/09/07,15:20
GothamChess,Levy Rozman,IM,1,United States,New York City,"Mar 13, 2017","36,513","3,288",13,https://www.chess.com/member/GothamChess,6 hrs ago,2020/09/07,15:20
Zablotsky,Sergey Zablotsky,GM,1,Russia,Krasnoyarsk,"May 11, 2016","12,007",666,9,https://www.chess.com/member/Zablotsky,3 hrs ago,2020/09/07,15:20
elisak43,Tibor Bódi,FM,1,Hungary,Budapest,"Apr 15, 2016",In Live,"1,272",26,https://www.chess.com/member/elisak43,Currently Online,2020/09/07,15:20
rostovmaxim,Maxim Borisov S,,0,Russia,,"Sep 18, 2018","1,016",17,2,https://www.chess.com/member/rostovmaxim,14 min ago,2020/09/07,15:20
DanielNaroditsky,Daniel Naroditsky,GM,1,United States,Foster City,"Jan 16, 2009","410,701","7,562",136,https://www.chess.com/member/DanielNaroditsky,19 hrs ago,2020/09/07,15:20
Hikaru,Hikaru Nakamura,GM,1,United States,"Sunrise, Florida","Jan 6, 2014","2,741,257","312,202",52,https://www.chess.com/member/Hikaru,5 min ago,2020/09/07,15:20
Komodo_Dragaon,Dublin,FM,1,Ireland,,"Feb 28, 2008","11,005",133,46,https://www.chess.com/member/Komodo_Dragaon,2 hrs ago,2020/09/07,15:20
Jospem,Jose Eduardo Martinez Alcantara,GM,1,Peru,Lima,"Feb 22, 2016","26,204","2,384",18,https://www.chess.com/member/Jospem,10 hrs ago,2020/09/07,15:20
whodee11,Warrick Rolfe,NM,1,Canada,"Victoria, British Columbia","Dec 16, 2018","1,716",10,0,https://www.chess.com/member/whodee11,8 hrs ago,2020/09/07,15:20
LikeWater,,FM,1,United States,,"Jul 17, 2014","8,030",101,3,https://www.chess.com/member/LikeWater,3 hrs ago,2020/09/07,15:20
DanielMieles1985,Daniel Mieles Palau,IM,1,Ecuador,Guayas,"Oct 22, 2013",567,43,0,https://www.chess.com/member/DanielMieles1985,42 min ago,2020/09/07,15:20
Uih7I9kOKokUOhjUJ,,FM,1,Nauru,,"Jul 18, 2019","3,240",53,455,https://www.chess.com/member/Uih7I9kOKokUOhjUJ,20 hrs ago,2020/09/07,15:20
DagurR,Dagur Ragnarsson,FM,1,Iceland,Garðabær,"Mar 18, 2014","11,895",75,25,https://www.chess.com/member/DagurR,6 hrs ago,2020/09/07,15:20
theopera,,,1,United States,,"Mar 28, 2020",In Live,339,90,https://www.chess.com/member/theopera,Currently Online,2020/09/07,15:20
AkibaRubi,. .,FM,1,Russia,,"Jul 20, 2018","1,216",58,1,https://www.chess.com/member/AkibaRubi,3 hrs ago,2020/09/07,15:20
Carudi,,IM,1,Ukraine,,"Dec 31, 2019",In Live,146,13,https://www.chess.com/member/Carudi,Currently Online,2020/09/07,15:20
GM_dmitrij,Dmitrij Kollars,GM,1,Germany,Hamburg,"Mar 11, 2016","30,726","2,601",1,https://www.chess.com/member/GM_dmitrij,5 hrs ago,2020/09/07,15:21
Onischuk_V,Vladimir Onischuk,GM,1,Ukraine,,"Feb 2, 2016","2,045",50,0,https://www.chess.com/member/Onischuk_V,4 days ago,2020/09/07,15:21
Leon-Black,,IM,1,United States,,"Jul 25, 2019",In Live,"1,199",11,https://www.chess.com/member/Leon-Black,Currently Online,2020/09/07,15:21
Guenplen,Boris Grachev,GM,1,Russia,,"Aug 14, 2016","9,194",123,0,https://www.chess.com/member/Guenplen,10 hrs ago,2020/09/07,15:21
BilodeauA,Kirill Alekseenko,GM,1,Russia,,"Apr 6, 2016","16,390",303,0,https://www.chess.com/member/BilodeauA,2 hrs ago,2020/09/07,15:21
Babafingo_321,,FM,1,Turkey,,"Mar 14, 2019","2,487",305,1,https://www.chess.com/member/Babafingo_321,2 hrs ago,2020/09/07,15:21
Izoria123,Zviad Izoria,GM,1,United States,"San Jose, California","Aug 8, 2015","16,733",427,4,https://www.chess.com/member/Izoria123,1 hr ago,2020/09/07,15:21
chessfrendz,Suvrajit Saha,IM,1,India,Kolkata,"Apr 14, 2020",219,10,0,https://www.chess.com/member/chessfrendz,17 hrs ago,2020/09/07,15:21
Flawless_Fighter,Polina Shuvalova,WGM,1,Russia,,"Sep 2, 2017","4,132",132,0,https://www.chess.com/member/Flawless_Fighter,11 hrs ago,2020/09/07,15:21
SGchess01,Szymon Gumularz,IM,1,Poland,,"Mar 20, 2020","1,910",92,0,https://www.chess.com/member/SGchess01,31 min ago,2020/09/07,15:21
Alexander_Kasparov,,,0,Poland,,"Dec 24, 2015",298,0,3,https://www.chess.com/member/Alexander_Kasparov,1 day ago,2020/09/07,15:21
GreenyKnight2001,Maciej Kamiński,,1,Poland,Białystok,"Mar 30, 2018","3,147",182,42,https://www.chess.com/member/GreenyKnight2001,7 hrs ago,2020/09/07,15:21
Dracomaniac,Alex Huang,CM,1,China,,"Jul 17, 2016","2,618",218,136,https://www.chess.com/member/Dracomaniac,8 hrs ago,2020/09/07,15:21
gagic233,,,0,Serbia,,"Jun 3, 2017",417,16,43,https://www.chess.com/member/gagic233,3 hrs ago,2020/09/07,15:21
AmazingChess210,,,1,United States,,"Jun 13, 2017",In Live,"1,582",98,https://www.chess.com/member/AmazingChess210,Currently Online,2020/09/07,15:21
Annawel,Jules Moussard,GM,1,France,,"Jun 15, 2016","75,630",571,0,https://www.chess.com/member/Annawel,4 hrs ago,2020/09/07,15:21
LyonBeast,Maxime Vachier-Lagrave,GM,1,France,,"May 15, 2014","233,771","5,389",1,https://www.chess.com/member/LyonBeast,17 hrs ago,2020/09/07,15:21
Openyagami,Vladimir Belous,GM,1,United States,Brownsville,"Aug 26, 2016","8,757",89,0,https://www.chess.com/member/Openyagami,6 days ago,2020/09/07,15:21
KuzubovYuriy,Yuriy Kuzubov,GM,1,Ukraine,Odesa,"Feb 7, 2016","6,006",145,0,https://www.chess.com/member/KuzubovYuriy,1 hr ago,2020/09/07,15:21
BlackBoarder,Vasily Volovich,FM,1,Russia,,"Nov 6, 2013","2,788",164,12,https://www.chess.com/member/BlackBoarder,2 days ago,2020/09/07,15:21
13MiRacLe,,FM,1,Russia,,"Dec 15, 2016","2,016",42,1,https://www.chess.com/member/13MiRacLe,2 hrs ago,2020/09/07,15:21
Fandorine,Maksim Chigaev,GM,1,Russia,Tyumen,"Feb 25, 2015","19,713",171,15,https://www.chess.com/member/Fandorine,1 hr ago,2020/09/07,15:21
PSvidler,Peter Svidler,GM,1,Russia,,"Aug 15, 2019","5,844",472,0,https://www.chess.com/member/PSvidler,12 hrs ago,2020/09/07,15:21
youngKID,Karthikeyan Murali,GM,1,India,,"Jan 7, 2015","18,451",672,0,https://www.chess.com/member/youngKID,4 hrs ago,2020/09/07,15:21
ChessWarrior7197,Nodirbek Abdusattorov,GM,1,Uzbekistan,,"Jul 14, 2013",In Live,"34,268",486,https://www.chess.com/member/ChessWarrior7197,Currently Online,2020/09/07,15:21
Aleksey_Sorokin,,FM,1,Russia,,"Jul 17, 2017","3,255",356,0,https://www.chess.com/member/Aleksey_Sorokin,20 hrs ago,2020/09/07,15:21
bascheyaro,Roman Yanchenko,FM,1,Russia,Komsomolsk-on-Amur,"Apr 6, 2016","5,680",385,1,https://www.chess.com/member/bascheyaro,13 hrs ago,2020/09/07,15:21
Mikasinski,Mihailo Djokic,FM,1,Serbia,,"Jun 3, 2019",713,62,2,https://www.chess.com/member/Mikasinski,10 hrs ago,2020/09/07,15:21
RaunakSadhwani2005,Raunak Sadhwani,GM,1,India,,"May 16, 2019","6,234",305,4,https://www.chess.com/member/RaunakSadhwani2005,49 min ago,2020/09/07,15:21
Kobalia,Mikhail Kobalia,GM,1,Russia,,"Apr 18, 2018",In Live,"1,281",19,https://www.chess.com/member/Kobalia,Currently Online,2020/09/07,15:21
0gZPanda,Anthony He,FM,1,United States,,"Mar 10, 2020",In Live,"2,110",74,https://www.chess.com/member/0gZPanda,Currently Online,2020/09/07,15:21
exoticprincess,Baadur Jobava,GM,1,Georgia,Tbilisi,"Oct 18, 2014",In Live,"69,342",469,https://www.chess.com/member/exoticprincess,Currently Online,2020/09/07,15:21
gena217,Guillermo Vazquez,IM,1,Paraguay,,"Dec 30, 2016",In Live,"12,821",336,https://www.chess.com/member/gena217,Currently Online,2020/09/07,15:21
Mazetovic,Sebastien Maze,GM,1,France,Bordeaux,"Feb 25, 2015","5,988",100,0,https://www.chess.com/member/Mazetovic,4 days ago,2020/09/07,15:21
diokletian,Andrey Sumets,GM,1,Ukraine,Odessa,"May 21, 2011",Online Now,"7,705",166,https://www.chess.com/member/diokletian,Currently Online,2020/09/07,15:21
kuban1991,Oleg Vastrukhin,IM,1,Russia,Krasnodar,"Mar 4, 2020","1,775",99,0,https://www.chess.com/member/kuban1991,2 hrs ago,2020/09/07,15:21
attack2mateU,Razvan Preotu,GM,1,Canada,Burlington,"Sep 22, 2014",In Live,"13,234",107,https://www.chess.com/member/attack2mateU,Currently Online,2020/09/07,15:21
NodariousBIG,Nodar Lortkipanidze,IM,1,Georgia,Tbilisi,"May 11, 2016","2,073",115,2,https://www.chess.com/member/NodariousBIG,4 hrs ago,2020/09/07,15:21
Sam_ChessMood,Samvel Ter-Sahakyan,GM,1,Armenia,"Armenia,Yerevan","Apr 13, 2017",In Live,"5,320",422,https://www.chess.com/member/Sam_ChessMood,Currently Online,2020/09/07,15:21
OK97,Ori Kobo,GM,1,Israel,,"Aug 17, 2017",In Live,"6,943",280,https://www.chess.com/member/OK97,Currently Online,2020/09/07,15:21
wannabe2700,Mother Teresa,IM,1,Albania,,"Aug 23, 2009","11,124",28,287,https://www.chess.com/member/wannabe2700,1 hr ago,2020/09/07,15:21
papattack,Georgios Papadopoulos,,0,Greece,,"May 21, 2018",601,22,0,https://www.chess.com/member/papattack,5 hrs ago,2020/09/07,15:21
ChristopherYoo,Christopher Woojin Yoo,IM,1,São,California,"Oct 27, 2013","33,060","1,277",779,https://www.chess.com/member/ChristopherYoo,1 hr ago,2020/09/07,15:21
DynamicClaim,,,0,Kazakhstan,,"Jun 9, 2020",52,2,0,https://www.chess.com/member/DynamicClaim,2 hrs ago,2020/09/07,15:21
Aguiar94,Lucas Aguiar Cunha,FM,1,Brazil,,"Dec 8, 2009","10,226",349,1,https://www.chess.com/member/Aguiar94,4 days ago,2020/09/07,15:21
Cryptal,,,1,France,,"Jan 19, 2018","2,025",76,0,https://www.chess.com/member/Cryptal,3 hrs ago,2020/09/07,15:21
Lucas_Tomiello,Lucas Costamilan Tomiello,NM,1,Brazil,Caxias do sul-RS,"Mar 28, 2014",In Live,"1,573",119,https://www.chess.com/member/Lucas_Tomiello,Currently Online,2020/09/07,15:21
Geoff25,Сатана,,0,Russia,Земля Франца-Иосифа,"Jan 22, 2015","1,711",9,117,https://www.chess.com/member/Geoff25,2 hrs ago,2020/09/07,15:21
JMatias,Juliano Resende M Pereira,FM,1,Brazil,Uberlandia,"Mar 21, 2010","31,563",286,88,https://www.chess.com/member/JMatias,2 hrs ago,2020/09/07,15:21
Hikaru-bot,,,1,United States,,"Nov 11, 2019","5,703",60,0,https://www.chess.com/member/Hikaru-bot,3 days ago,2020/09/07,15:21
ArjunGuptaDPS,Arjun Gupta,,1,India,New Delhi,"Oct 10, 2015","2,789",200,4,https://www.chess.com/member/ArjunGuptaDPS,11 hrs ago,2020/09/07,15:22
FLASH44444,Արամ Ղարիբյան,,0,Armenia,yerevan,"May 22, 2016",981,3,0,https://www.chess.com/member/FLASH44444,4 hrs ago,2020/09/07,15:22
FischersFrisoer,Ralf Steinbrecht,,0,Thailand,Jomtien,"Dec 15, 2014","5,363",2,0,https://www.chess.com/member/FischersFrisoer,4 hrs ago,2020/09/07,15:22
oganromchess,,FM,1,Russia,,"Jul 10, 2020",177,1,0,https://www.chess.com/member/oganromchess,4 hrs ago,2020/09/07,15:22
friesnielsen2302,Jens Ove Fries Nielsen,IM,1,Denmark,,"Mar 15, 2017",In Live,"6,130",263,https://www.chess.com/member/friesnielsen2302,Currently Online,2020/09/07,15:22
elcandado,,IM,1,Spain,,"Dec 24, 2017",760,26,0,https://www.chess.com/member/elcandado,3 hrs ago,2020/09/07,15:22
Sofia_Shkidchenko,,,0,Ukraine,,"Aug 12, 2020",74,3,0,https://www.chess.com/member/Sofia_Shkidchenko,1 day ago,2020/09/07,15:22
HristyanIliev06,Християн Илиев,,0,Bulgaria,Шумен,"Dec 11, 2016",891,99,28,https://www.chess.com/member/HristyanIliev06,4 hrs ago,2020/09/07,15:22
Mythili123,Captain  AH,,0,India,Kerala,"Apr 7, 2020",181,8,0,https://www.chess.com/member/Mythili123,2 hrs ago,2020/09/07,15:22
agencja-seo,,,1,Poland,,"Feb 14, 2020",380,78,12,https://www.chess.com/member/agencja-seo,5 hrs ago,2020/09/07,15:22
jhonnyuribe,jhonny uribe,CM,1,Venezuela,carabobo,"Feb 26, 2015","10,152",230,33,https://www.chess.com/member/jhonnyuribe,8 hrs ago,2020/09/07,15:22
sergeikim,Kim Sergey,FM,1,Kazakhstan,Almaty,"May 14, 2017","3,022",43,5,https://www.chess.com/member/sergeikim,2 hrs ago,2020/09/07,15:22
kesav,,IM,1,United States,,"Feb 17, 2017",In Live,939,13,https://www.chess.com/member/kesav,Currently Online,2020/09/07,15:22
prackid,,,0,India,,"Mar 7, 2019",218,6,0,https://www.chess.com/member/prackid,4 hrs ago,2020/09/07,15:22
ZEN-22,kamran SHIRAZI,IM,1,France,Paris,"Aug 21, 2015","17,555",71,2,https://www.chess.com/member/ZEN-22,9 hrs ago,2020/09/07,15:22
urutodo,Tom Friedel,NM,1,United States,Fort Lauderdale,"Dec 5, 2010","7,119",8,9,https://www.chess.com/member/urutodo,16 hrs ago,2020/09/07,15:22
chinesecoronavirus,,,0,India,,"Jul 22, 2020",22,1,0,https://www.chess.com/member/chinesecoronavirus,12 hrs ago,2020/09/07,15:22
RedDeath10,,,0,United States,,"Jan 20, 2020",125,6,1,https://www.chess.com/member/RedDeath10,30 min ago,2020/09/07,15:22
nadimifar_adnan,,,0,Iran,,"Aug 11, 2020",In Live,15,1,https://www.chess.com/member/nadimifar_adnan,Currently Online,2020/09/07,15:22
Culum2007,Sanjin Culum,,1,Bosnia & Herzegovina,,"Feb 9, 2020","2,422",72,212,https://www.chess.com/member/Culum2007,3 hrs ago,2020/09/07,15:22
elviejodearriba,,,0,Argentina,,"Apr 17, 2014",643,64,112,https://www.chess.com/member/elviejodearriba,4 hrs ago,2020/09/07,15:22
rapolas12,Rapolas Likatavičius,,0,Lithuania,,"Dec 31, 2016",70,10,0,https://www.chess.com/member/rapolas12,1 day ago,2020/09/07,15:22
Knightonh1,,,1,Germany,,"Apr 12, 2018",24,2,0,https://www.chess.com/member/Knightonh1,3 hrs ago,2020/09/07,15:22
acrawford28,Ariel Crawford,,0,United States,Chicago,"Jan 12, 2015",In Live,"2,324",3,https://www.chess.com/member/acrawford28,Currently Online,2020/09/07,15:22
Bole07,,,0,Slovenia,,"Jun 4, 2013","1,271",2,0,https://www.chess.com/member/Bole07,3 hrs ago,2020/09/07,15:22
oleg322,oleg bojarincev,,0,Latvia,riga,"Feb 18, 2014","5,528",12,0,https://www.chess.com/member/oleg322,2 hrs ago,2020/09/07,15:22
Valintinian,,,1,United States,,"Apr 9, 2018",157,37,2,https://www.chess.com/member/Valintinian,12 hrs ago,2020/09/07,15:22
angelmoises,Angel Moises,,0,Mexico,,"Jul 22, 2017",56,4,0,https://www.chess.com/member/angelmoises,13 hrs ago,2020/09/07,15:22
sargnagel,,,0,Germany,,"Jan 25, 2017",267,2,2,https://www.chess.com/member/sargnagel,8 hrs ago,2020/09/07,15:22
NormaJean26,,,0,Ireland,,"Aug 13, 2020",5,0,0,https://www.chess.com/member/NormaJean26,1 day ago,2020/09/07,15:22
yuvalater10,Yuval Ater,,1,Israel,"Tel Aviv, Israel","Aug 5, 2019",174,11,3,https://www.chess.com/member/yuvalater10,11 min ago,2020/09/07,15:22
Mateuhslc,Matheus Coelho,,0,Brazil,,"Dec 29, 2016",142,4,0,https://www.chess.com/member/Mateuhslc,13 hrs ago,2020/09/07,15:22
Sulthankan,,,1,Brazil,,"Jan 24, 2020",33,7,0,https://www.chess.com/member/Sulthankan,16 hrs ago,2020/09/07,15:22
airaang,last airbender,,1,Australia,,"Mar 30, 2020",In Live,8,1,https://www.chess.com/member/airaang,Currently Online,2020/09/07,15:22
NATANcruz,nAtan cruz,,0,Brazil,,"May 26, 2015",449,29,1,https://www.chess.com/member/NATANcruz,4 hrs ago,2020/09/07,15:22
Priv93200,,,1,France,,"Dec 24, 2019",56,0,0,https://www.chess.com/member/Priv93200,2 hrs ago,2020/09/07,15:22
svchess00001956,,,0,Russia,,"Dec 8, 2016",682,1,0,https://www.chess.com/member/svchess00001956,4 hrs ago,2020/09/07,15:22
Vulvik,Vjekoslav Vulevic...,,0,France,crna gora,"Jun 9, 2019",94,3,0,https://www.chess.com/member/Vulvik,3 hrs ago,2020/09/07,15:22
Aldebaran789,CDMX,,1,Mexico,,"Aug 6, 2011","3,323",198,234,https://www.chess.com/member/Aldebaran789,2 hrs ago,2020/09/07,15:22
RickmasterC,Ricardo Cuazitl,,0,Mexico,"Tijuana, Baja California","Nov 26, 2011","2,068",150,2,https://www.chess.com/member/RickmasterC,1 day ago,2020/09/07,15:22
BulletMercenary,Kevin Chung,NM,1,Canada,,"Nov 21, 2010","5,449",42,18,https://www.chess.com/member/BulletMercenary,1 hr ago,2020/09/07,15:22
bp2004,bp,,0,Russia,,"Jun 20, 2017",115,1,0,https://www.chess.com/member/bp2004,4 hrs ago,2020/09/07,15:22
ivanuraev,Иван Ураев,,0,Russia,Киров,"Feb 28, 2017",735,6,0,https://www.chess.com/member/ivanuraev,6 hrs ago,2020/09/07,15:22
AnishOnYoutube,Anish Giri,GM,1,Netherlands,The Hague,"Jul 5, 2020","6,345","1,020",0,https://www.chess.com/member/AnishOnYoutube,2 hrs ago,2020/09/07,15:22
KindaPinkJake,Jake DeVries,,1,United States,"Salem, OR","Oct 21, 2018",249,21,3,https://www.chess.com/member/KindaPinkJake,45 min ago,2020/09/07,15:22
SadisticPanda,Marcos Sambilay,,1,United States,Las Vegas,"Dec 11, 2016",81,9,1,https://www.chess.com/member/SadisticPanda,54 min ago,2020/09/07,15:22
Blitzstream,Kevin Bordi,NM,1,France,Cannes,"Oct 4, 2011",In Live,"82,560","7,311",https://www.chess.com/member/Blitzstream,Currently Online,2020/09/07,15:22
kuli4ik,Mikhail Demidov,GM,1,Russia,,"Oct 26, 2017","4,790",156,3,https://www.chess.com/member/kuli4ik,12 hrs ago,2020/09/07,15:22
Firouzja2003,Alireza Firouzja,GM,1,Iran,Babol,"Jan 5, 2018","261,758","11,585",13,https://www.chess.com/member/Firouzja2003,6 days ago,2020/09/07,15:23
rpragchess,Praggnanandhaa Rameshbabu,GM,1,India,CHENNAI,"Jun 18, 2016","20,820","2,847",6,https://www.chess.com/member/rpragchess,2 hrs ago,2020/09/07,15:23
JonahWillow,Jonah Willow,FM,1,United Kingdom,Nottingham,"Aug 3, 2018","4,559",127,0,https://www.chess.com/member/JonahWillow,1 hr ago,2020/09/07,15:23
vnkm,Varun Krishnan,FM,1,United States,"San Diego, CA","May 31, 2011","12,625",40,21,https://www.chess.com/member/vnkm,16 hrs ago,2020/09/07,15:23
RedbaronCanada,David Peng,NM,1,Canada,Toronto,"Oct 11, 2015","1,849",8,0,https://www.chess.com/member/RedbaronCanada,20 hrs ago,2020/09/07,15:23
zerxam,,,1,Ukraine,,"Nov 21, 2017",40,7,1,https://www.chess.com/member/zerxam,3 hrs ago,2020/09/07,15:23
BrooklynFreestyle,,FM,1,France,,"Jun 24, 2019",301,12,0,https://www.chess.com/member/BrooklynFreestyle,38 min ago,2020/09/07,15:23
TanitoluwaAps116,Tanitoluwa Adewumi,,1,United States,NY NY,"Mar 12, 2018",Online Now,"13,363",846,https://www.chess.com/member/TanitoluwaAps116,Currently Online,2020/09/07,15:23
MercurialTwists,,,0,United States,,"Jul 25, 2020",20,1,1,https://www.chess.com/member/MercurialTwists,6 hrs ago,2020/09/07,15:23
GOGIEFF,Anton Korobov,GM,1,Ukraine,,"Jul 2, 2017","7,864",304,0,https://www.chess.com/member/GOGIEFF,10 hrs ago,2020/09/07,15:23
Armen_Barseghyan,Armen Barseghyan,FM,1,Armenia,,"Apr 27, 2020",189,7,0,https://www.chess.com/member/Armen_Barseghyan,1 day ago,2020/09/07,15:23
DenLaz,Denis Lazavik,FM,1,Belarus,,"Mar 21, 2017","1,748",91,2,https://www.chess.com/member/DenLaz,50 min ago,2020/09/07,15:23
mamey78,Luis Manuel Perez Rodriguez,GM,1,Cuba,La Habana,"Mar 13, 2019",235,20,0,https://www.chess.com/member/mamey78,12 days ago,2020/09/07,15:23
GadimbayliA,Abdulla Gadimbayli,IM,1,Azerbaijan,,"Feb 4, 2018","4,726",484,0,https://www.chess.com/member/GadimbayliA,1 day ago,2020/09/07,15:23
kakarot_001,Harikrishnan A Ra,IM,1,India,ChennaiChennai,"Sep 28, 2014",437,33,1,https://www.chess.com/member/kakarot_001,4 hrs ago,2020/09/07,15:23
Sanan_Sjugirov,Sanan Sjugirov,GM,1,Russia,,"Nov 21, 2014","17,402","1,183",0,https://www.chess.com/member/Sanan_Sjugirov,23 hrs ago,2020/09/07,15:23
Adham_Fawzy,Adham Fawzy,GM,1,Egypt,Alexandria,"Apr 10, 2017","5,314","1,142",5,https://www.chess.com/member/Adham_Fawzy,5 hrs ago,2020/09/07,15:23
Gannikus21,Nikita Matinian,GM,1,Russia,,"Dec 14, 2013","14,325",271,6,https://www.chess.com/member/Gannikus21,1 day ago,2020/09/07,15:23
GMBenjaminBok,Benjamin Bok,GM,1,Netherlands,,"Sep 10, 2010",In Live,"28,563",808,https://www.chess.com/member/GMBenjaminBok,Currently Online,2020/09/07,15:23
babadroga92,Novi Sad,NM,1,Serbia,,"Aug 9, 2017","4,914",218,346,https://www.chess.com/member/babadroga92,52 min ago,2020/09/07,15:23
chessasuke,Carlos Hevia Alejano,GM,1,United States,,"Dec 30, 2016",In Live,"2,468",67,https://www.chess.com/member/chessasuke,Currently Online,2020/09/07,15:23
Vokhidov11,Shamsiddin Vokhidov,,0,Uzbekistan,Tashkent,"May 15, 2020",243,10,0,https://www.chess.com/member/Vokhidov11,1 hr ago,2020/09/07,15:23
jinxy2009,Neeraj Harish,,1,United States,,"Dec 3, 2018",In Live,442,11,https://www.chess.com/member/jinxy2009,Currently Online,2020/09/07,15:23
irdorath,,,0,Iceland,,"Sep 26, 2017",181,2,0,https://www.chess.com/member/irdorath,2 days ago,2020/09/07,15:23
chipmunknau,chipmunk nau,IM,1,Vietnam,,"May 30, 2012","10,786",288,5,https://www.chess.com/member/chipmunknau,10 hrs ago,2020/09/07,15:23
Alexander_Moskalenko,Alexander Moskalenko,GM,1,Russia,Москва,"Dec 9, 2015","24,428","1,113",12,https://www.chess.com/member/Alexander_Moskalenko,6 hrs ago,2020/09/07,15:23
Hrant_ChessMood,Hrant Melkumyan,GM,1,Armenia,Yerevan,"Mar 31, 2016","34,767","1,110",4,https://www.chess.com/member/Hrant_ChessMood,8 hrs ago,2020/09/07,15:23
12teen,Janak Awatramani,NM,1,Canada,Vancouver,"Jul 13, 2015","20,907",487,10,https://www.chess.com/member/12teen,21 hrs ago,2020/09/07,15:23
mishikomchedlishvili,Mikheil Mchedlishvili,GM,1,Georgia,,"Dec 19, 2015","2,371",131,0,https://www.chess.com/member/mishikomchedlishvili,13 hrs ago,2020/09/07,15:23
SantoBlue,Vahap Sanal,GM,1,Turkey,,"Apr 16, 2015","17,670",540,0,https://www.chess.com/member/SantoBlue,3 hrs ago,2020/09/07,15:23
Saitago,,,0,Algeria,,"Jan 31, 2020",224,15,0,https://www.chess.com/member/Saitago,2 hrs ago,2020/09/07,15:23
FrankieJay,Frank Johnson,NM,1,United States,"Hallock, Minnesota","Nov 10, 2009","22,789",127,223,https://www.chess.com/member/FrankieJay,1 day ago,2020/09/07,15:23
Dzej_Double,Jan Wojdak,,1,Poland,Poznań,"May 29, 2020",131,16,1,https://www.chess.com/member/Dzej_Double,2 days ago,2020/09/07,15:23
georgeileana,George Ileana,,0,Romania,,"Oct 28, 2017",144,14,0,https://www.chess.com/member/georgeileana,4 days ago,2020/09/07,15:23
MJB223,Mathew Buchanan,,0,Canada,"Montreal, Quebec","Jul 29, 2014","1,621",26,5,https://www.chess.com/member/MJB223,2 hrs ago,2020/09/07,15:23
1571Caravaggio,,,0,Canada,,"Aug 24, 2020",9,1,0,https://www.chess.com/member/1571Caravaggio,1 hr ago,2020/09/07,15:23
grunbergmihai,Grunberg Mihai,IM,1,Romania,timisoara,"Jun 13, 2015","3,287",101,11,https://www.chess.com/member/grunbergmihai,1 hr ago,2020/09/07,15:23
AlekCaissa,Romel Castelo II,,1,Philippines,Batangas,"Jul 30, 2013","8,004",23,0,https://www.chess.com/member/AlekCaissa,10 hrs ago,2020/09/07,15:23
NguyenDucViet,Việt Nguyễn Đức,,0,Vietnam,Bắc Ninh,"Nov 3, 2016",589,88,4,https://www.chess.com/member/NguyenDucViet,6 days ago,2020/09/07,15:23
Fantozzi86,Igor Teplyi,IM,1,Italy,Aarhus,"Apr 7, 2016","1,293",9,0,https://www.chess.com/member/Fantozzi86,1 hr ago,2020/09/07,15:23
Pakarma,Marko Srebrnic,FM,1,Slovenia,Grosuplje,"Aug 15, 2016",431,6,0,https://www.chess.com/member/Pakarma,8 hrs ago,2020/09/07,15:23
VaheMendelyan,Vahe Mendelyan,,1,United States,,"Jun 27, 2016",516,4,0,https://www.chess.com/member/VaheMendelyan,12 hrs ago,2020/09/07,15:23
trainingguroms,MS,,1,Russia,,"Jul 23, 2020",42,7,0,https://www.chess.com/member/trainingguroms,17 hrs ago,2020/09/07,15:23
littleplotkin,Mark Plotkin,FM,1,Canada,,"May 5, 2011","10,877",543,29,https://www.chess.com/member/littleplotkin,4 hrs ago,2020/09/07,15:23
Yang_Qindong,Qindong Yang,NM,1,China,Chengdu,"Oct 17, 2014",950,28,1,https://www.chess.com/member/Yang_Qindong,37 min ago,2020/09/07,15:23
RodinMihail,Михаил Родин,NM,1,Russia,Саратов,"Nov 28, 2015","2,436",90,0,https://www.chess.com/member/RodinMihail,11 days ago,2020/09/07,15:23
Asztrik,,,1,United States,,"Aug 30, 2016","1,294",0,0,https://www.chess.com/member/Asztrik,2 hrs ago,2020/09/07,15:23
gkbw60,,,0,Austria,,"Jul 19, 2019",In Live,202,6,https://www.chess.com/member/gkbw60,Currently Online,2020/09/07,15:23
djangoreinhardt,,,1,Switzerland,,"Oct 31, 2010","4,649",11,26,https://www.chess.com/member/djangoreinhardt,4 hrs ago,2020/09/07,15:23
Grandstodge,,,0,United Kingdom,,"Aug 25, 2016","1,888",8,0,https://www.chess.com/member/Grandstodge,11 hrs ago,2020/09/07,15:24
goldenbeer,Golden Beer,,0,Germany,,"Jul 30, 2020",7,1,0,https://www.chess.com/member/goldenbeer,10 hrs ago,2020/09/07,15:24
Aandrew40,Andi Andriejew,,0,Poland,,"Feb 16, 2016",89,1,0,https://www.chess.com/member/Aandrew40,1 hr ago,2020/09/07,15:24
2_year,,,0,Russia,,"Aug 7, 2020",10,0,0,https://www.chess.com/member/2_year,1 day ago,2020/09/07,15:24
Da_Kool_Kid,HI BYE,,1,United States,:|,"Dec 18, 2019",Online Now,"4,137",328,https://www.chess.com/member/Da_Kool_Kid,Currently Online,2020/09/07,15:24
LacoIvan,László Iván,,1,Czech Republic,,"Nov 1, 2014",368,9,9,https://www.chess.com/member/LacoIvan,40 min ago,2020/09/07,15:24
drfumbles001,,,0,United States,,"Jun 15, 2017",11,1,0,https://www.chess.com/member/drfumbles001,3 hrs ago,2020/09/07,15:24
stendecc,Edwin Duijzer,,1,Netherlands,,"Apr 15, 2017",3,0,0,https://www.chess.com/member/stendecc,1 hr ago,2020/09/07,15:24
tejasjyade17,tejas jayade,,1,India,,"Nov 4, 2010",258,16,0,https://www.chess.com/member/tejasjyade17,3 hrs ago,2020/09/07,15:24
